"BehaviorSpace results (NetLogo 7.0.4)","Lists version 2.0"
"JQIE.nlogox"
"FFFF-to-TTTT"
"08/11/2026 21:58:27:307 -0400"
"min-pxcor","max-pxcor","min-pycor","max-pycor"
"0","220","0","160"
"[reporter]","[run number]","use-r-seed?","sim-duration","display-ticks","sat-add","average-employee?","advance-notice?","minimum-hours?","schedule-swaps?","better-pay?","[step]","[0]","[1]","[2]","[3]","[4]","[5]","[6]","[7]","[8]","[9]","[10]","[11]","[12]","[13]","[14]","[15]","[16]","[17]","[18]","[19]","[20]","[21]","[22]","[23]","[24]","[25]","[26]","[27]","[28]","[29]","[30]","[31]","[32]","[33]","[34]","[35]","[36]","[37]","[38]","[39]","[40]","[41]","[42]","[43]","[44]","[45]","[46]","[47]"
"KPI-EPI-lists company 0","1","false","365","30","0.2","true","false","false","false","false","366","name","Fashion1","total-customer-visits","27174","total-customers-helped","22649","total-sales-closed","10341","total-employee-revenues","1670832","ATS-for-employee-sales","161.57354221061792","total-non-employee-revenues","52136","ATS-for-non-employee-sales","81.84615384615384","total-gross-revenues","1722968","total-labor-costs","163482.14999999994","cogs","852669","total-profits","870298.6500000001","gross-margin","50.5","EPIs:","","total-earnings","32696.430000000004","total-hours-scheduled","2188.3000000000006","total-hours-worked","2179.7620000000006","total-idle-time","23761.2","total-misc-task-time","47106.8","total-productivity","48815.2","total-rest-time","16771.2","total-revenues","334166.4","total-tardy-time","1277.2","total-sales-closed","2068.2"
"KPI-EPI-lists company 1","1","false","365","30","0.2","true","false","false","false","false","366","name","Fashion2","total-customer-visits","26907","total-customers-helped","15077","total-sales-closed","6734","total-employee-revenues","943868","ATS-for-employee-sales","140.16453816453816","total-non-employee-revenues","131998","ATS-for-non-employee-sales","81.83384996900186","total-gross-revenues","1075866","total-labor-costs","120434.5800000001","cogs","550781","total-profits","525085.0200000001","gross-margin","48.8","EPIs:","","total-earnings","24086.91600000001","total-hours-scheduled","1810.4000000000008","total-hours-worked","1784.2160000000008","total-idle-time","18353.8","total-misc-task-time","25786","total-productivity","51761.6","total-rest-time","14599.4","total-revenues","188773.6","total-tardy-time","5071.4","total-sales-closed","1346.8"
"KPI-EPI-lists company 0","2","false","365","30","0.2","true","false","false","false","false","366","name","Fashion1","total-customer-visits","26863","total-customers-helped","22698","total-sales-closed","10127","total-employee-revenues","1644554","ATS-for-employee-sales","162.39300878838748","total-non-employee-revenues","48144","ATS-for-non-employee-sales","83.29411764705883","total-gross-revenues","1692698","total-labor-costs","163731.45","cogs","840811","total-profits","851887.3500000002","gross-margin","50.3","EPIs:","","total-earnings","32746.29","total-hours-scheduled","2189.8","total-hours-worked","2183.086","total-idle-time","24123.6","total-misc-task-time","47973.6","total-productivity","47831","total-rest-time","16954.4","total-revenues","328910.8","total-tardy-time","1078.4","total-sales-closed","2025.4"
"KPI-EPI-lists company 1","2","false","365","30","0.2","true","false","false","false","false","366","name","Fashion2","total-customer-visits","26918","total-customers-helped","15470","total-sales-closed","6883","total-employee-revenues","976222","ATS-for-employee-sales","141.83088769431933","total-non-employee-revenues","132971","ATS-for-non-employee-sales","82.59068322981366","total-gross-revenues","1109193","total-labor-costs","120939.88499999995","cogs","564617","total-profits","544575.9149999998","gross-margin","49.1","EPIs:","","total-earnings","24187.977000000014","total-hours-scheduled","1816.5400000000002","total-hours-worked","1791.7020000000005","total-idle-time","18018.2","total-misc-task-time","26594.2","total-productivity","51713.6","total-rest-time","14565.8","total-revenues","195244.4","total-tardy-time","4338.4","total-sales-closed","1376.6"
"KPI-EPI-lists company 0","3","false","365","30","0.2","true","false","false","false","false","366","name","Fashion1","total-customer-visits","27047","total-customers-helped","22493","total-sales-closed","10146","total-employee-revenues","1638650","ATS-for-employee-sales","161.5069978316578","total-non-employee-revenues","51454","ATS-for-non-employee-sales","82.59069020866774","total-gross-revenues","1690104","total-labor-costs","163127.25000000003","cogs","839169","total-profits","850935.1499999999","gross-margin","50.3","EPIs:","","total-earnings","32625.450000000004","total-hours-scheduled","2183.1800000000007","total-hours-worked","2175.0300000000007","total-idle-time","23663.6","total-misc-task-time","46812","total-productivity","48905.4","total-rest-time","16740.2","total-revenues","327730","total-tardy-time","1177.2","total-sales-closed","2029.2"
"KPI-EPI-lists company 1","3","false","365","30","0.2","true","false","false","false","false","366","name","Fashion2","total-customer-visits","27316","total-customers-helped","15341","total-sales-closed","6944","total-employee-revenues","974304","ATS-for-employee-sales","140.30875576036865","total-non-employee-revenues","140514","ATS-for-non-employee-sales","82.26814988290398","total-gross-revenues","1114818","total-labor-costs","122960.15999999989","cogs","568887","total-profits","545930.64","gross-margin","49","EPIs:","","total-earnings","24592.032","total-hours-scheduled","1847.3799999999999","total-hours-worked","1821.632","total-idle-time","18311.8","total-misc-task-time","26193","total-productivity","53127","total-rest-time","14978.2","total-revenues","194860.8","total-tardy-time","4627.4","total-sales-closed","1388.8"
"KPI-EPI-lists company 0","4","false","365","30","0.2","true","false","false","false","false","366","name","Fashion1","total-customer-visits","27068","total-customers-helped","22630","total-sales-closed","10186","total-employee-revenues","1645269","ATS-for-employee-sales","161.5225800117809","total-non-employee-revenues","50288","ATS-for-non-employee-sales","82.84678747940691","total-gross-revenues","1695557","total-labor-costs","164072.69999999992","cogs","842296","total-profits","853261.5000000001","gross-margin","50.3","EPIs:","","total-earnings","32814.54","total-hours-scheduled","2195.6200000000003","total-hours-worked","2187.6360000000004","total-idle-time","23799","total-misc-task-time","47521.2","total-productivity","48742.4","total-rest-time","16879.4","total-revenues","329053.8","total-tardy-time","1133.4","total-sales-closed","2037.2"
"KPI-EPI-lists company 1","4","false","365","30","0.2","true","false","false","false","false","366","name","Fashion2","total-customer-visits","27065","total-customers-helped","15621","total-sales-closed","7083","total-employee-revenues","1005560","ATS-for-employee-sales","141.9680926161231","total-non-employee-revenues","138507","ATS-for-non-employee-sales","82.3955978584176","total-gross-revenues","1144067","total-labor-costs","121242.15000000004","cogs","578869","total-profits","565198.0499999997","gross-margin","49.4","EPIs:","","total-earnings","24248.430000000015","total-hours-scheduled","1823.4800000000002","total-hours-worked","1796.1800000000003","total-idle-time","18049.6","total-misc-task-time","25988.8","total-productivity","52435","total-rest-time","14634.4","total-revenues","201112","total-tardy-time","4438.2","total-sales-closed","1416.6"
"KPI-EPI-lists company 0","5","false","365","30","0.2","true","false","false","false","false","366","name","Fashion1","total-customer-visits","27055","total-customers-helped","22420","total-sales-closed","10134","total-employee-revenues","1633017","ATS-for-employee-sales","161.14239194789818","total-non-employee-revenues","52795","ATS-for-non-employee-sales","83.14173228346456","total-gross-revenues","1685812","total-labor-costs","162552.29999999996","cogs","836877","total-profits","848934.9","gross-margin","50.4","EPIs:","","total-earnings","32510.460000000003","total-hours-scheduled","2175.6999999999994","total-hours-worked","2167.3639999999987","total-idle-time","23519.2","total-misc-task-time","46557.4","total-productivity","48841.4","total-rest-time","16645.8","total-revenues","326603.4","total-tardy-time","1227.6","total-sales-closed","2026.8"
"KPI-EPI-lists company 1","5","false","365","30","0.2","true","false","false","false","false","366","name","Fashion2","total-customer-visits","26996","total-customers-helped","15514","total-sales-closed","6994","total-employee-revenues","988270","ATS-for-employee-sales","141.3025450386045","total-non-employee-revenues","130038","ATS-for-non-employee-sales","83.03831417624521","total-gross-revenues","1118308","total-labor-costs","121259.43000000011","cogs","568583","total-profits","549725.3699999999","gross-margin","49.2","EPIs:","","total-earnings","24251.886000000002","total-hours-scheduled","1823.14","total-hours-worked","1796.4359999999997","total-idle-time","18007.8","total-misc-task-time","26221.2","total-productivity","52222","total-rest-time","14642.6","total-revenues","197654","total-tardy-time","4783.6","total-sales-closed","1398.8"
"KPI-EPI-lists company 0","6","false","365","30","0.2","true","false","false","false","false","366","name","Fashion1","total-customer-visits","27084","total-customers-helped","22663","total-sales-closed","10160","total-employee-revenues","1646776","ATS-for-employee-sales","162.08425196850393","total-non-employee-revenues","51493","ATS-for-non-employee-sales","82.52083333333333","total-gross-revenues","1698269","total-labor-costs","163038.90000000005","cogs","842347","total-profits","855922.4999999995","gross-margin","50.4","EPIs:","","total-earnings","32607.780000000006","total-hours-scheduled","2181.06","total-hours-worked","2173.852","total-idle-time","23632.4","total-misc-task-time","47069.6","total-productivity","48589.4","total-rest-time","16787","total-revenues","329355.2","total-tardy-time","1201","total-sales-closed","2032"
"KPI-EPI-lists company 1","6","false","365","30","0.2","true","false","false","false","false","366","name","Fashion2","total-customer-visits","26963","total-customers-helped","15286","total-sales-closed","6850","total-employee-revenues","965440","ATS-for-employee-sales","140.94014598540147","total-non-employee-revenues","135592","ATS-for-non-employee-sales","82.0774818401937","total-gross-revenues","1101032","total-labor-costs","121580.46000000002","cogs","561993","total-profits","539038.74","gross-margin","49","EPIs:","","total-earnings","24316.092000000004","total-hours-scheduled","1825.8800000000003","total-hours-worked","1801.1920000000005","total-idle-time","18283","total-misc-task-time","26175","total-productivity","52148.2","total-rest-time","14815.8","total-revenues","193088","total-tardy-time","4564.2","total-sales-closed","1370"
"KPI-EPI-lists company 0","7","false","365","30","0.2","true","false","false","false","false","366","name","Fashion1","total-customer-visits","26763","total-customers-helped","22755","total-sales-closed","10092","total-employee-revenues","1640319","ATS-for-employee-sales","162.53656361474435","total-non-employee-revenues","47993","ATS-for-non-employee-sales","82.17979452054794","total-gross-revenues","1688312","total-labor-costs","164427.15000000005","cogs","839752","total-profits","848560.0499999997","gross-margin","50.3","EPIs:","","total-earnings","32885.43000000001","total-hours-scheduled","2199.5799999999995","total-hours-worked","2192.362","total-idle-time","24496.8","total-misc-task-time","48961.4","total-productivity","47056.2","total-rest-time","17146","total-revenues","328063.8","total-tardy-time","977.4","total-sales-closed","2018.4"
"KPI-EPI-lists company 1","7","false","365","30","0.2","true","false","false","false","false","366","name","Fashion2","total-customer-visits","27152","total-customers-helped","15024","total-sales-closed","6678","total-employee-revenues","945021","ATS-for-employee-sales","141.51257861635222","total-non-employee-revenues","139029","ATS-for-non-employee-sales","82.07142857142857","total-gross-revenues","1084050","total-labor-costs","118201.40999999999","cogs","551821","total-profits","532228.5900000002","gross-margin","49.1","EPIs:","","total-earnings","23640.281999999992","total-hours-scheduled","1780.3199999999993","total-hours-worked","1751.1319999999992","total-idle-time","17560.4","total-misc-task-time","25349.2","total-productivity","51029.8","total-rest-time","14403.6","total-revenues","189004.2","total-tardy-time","4685","total-sales-closed","1335.6"
"KPI-EPI-lists company 0","8","false","365","30","0.2","true","false","false","false","false","366","name","Fashion1","total-customer-visits","26969","total-customers-helped","22633","total-sales-closed","10097","total-employee-revenues","1635077","ATS-for-employee-sales","161.93691195404577","total-non-employee-revenues","51228","ATS-for-non-employee-sales","82.6258064516129","total-gross-revenues","1686305","total-labor-costs","163606.80000000002","cogs","838129","total-profits","848176.1999999996","gross-margin","50.3","EPIs:","","total-earnings","32721.360000000008","total-hours-scheduled","2188.7799999999997","total-hours-worked","2181.424","total-idle-time","23982.4","total-misc-task-time","47822.8","total-productivity","48077.8","total-rest-time","16850","total-revenues","327015.4","total-tardy-time","1115.8","total-sales-closed","2019.4"
"KPI-EPI-lists company 1","8","false","365","30","0.2","true","false","false","false","false","366","name","Fashion2","total-customer-visits","27056","total-customers-helped","14753","total-sales-closed","6627","total-employee-revenues","930252","ATS-for-employee-sales","140.37301946582164","total-non-employee-revenues","150019","ATS-for-non-employee-sales","82.33754116355654","total-gross-revenues","1080271","total-labor-costs","119448.54000000002","cogs","551557","total-profits","528714.0600000004","gross-margin","48.9","EPIs:","","total-earnings","23889.708000000006","total-hours-scheduled","1797.3200000000004","total-hours-worked","1769.6080000000002","total-idle-time","17749.4","total-misc-task-time","25687.4","total-productivity","51449","total-rest-time","14580.2","total-revenues","186050.4","total-tardy-time","4891.8","total-sales-closed","1325.4"
"KPI-EPI-lists company 0","9","false","365","30","0.2","true","false","false","false","false","366","name","Fashion1","total-customer-visits","26904","total-customers-helped","22605","total-sales-closed","10205","total-employee-revenues","1647399","ATS-for-employee-sales","161.43057324840765","total-non-employee-revenues","45048","ATS-for-non-employee-sales","81.7568058076225","total-gross-revenues","1692447","total-labor-costs","165017.84999999992","cogs","841997","total-profits","850450.35","gross-margin","50.2","EPIs:","","total-earnings","33003.57000000001","total-hours-scheduled","2207.0200000000004","total-hours-worked","2200.2380000000003","total-idle-time","23989.2","total-misc-task-time","48103.4","total-productivity","48858.6","total-rest-time","16862","total-revenues","329479.8","total-tardy-time","1139","total-sales-closed","2041"
"KPI-EPI-lists company 1","9","false","365","30","0.2","true","false","false","false","false","366","name","Fashion2","total-customer-visits","27017","total-customers-helped","15172","total-sales-closed","6856","total-employee-revenues","965482","ATS-for-employee-sales","140.82292882147024","total-non-employee-revenues","133537","ATS-for-non-employee-sales","81.82414215686275","total-gross-revenues","1099019","total-labor-costs","120048.34499999999","cogs","559656","total-profits","539363.0549999999","gross-margin","49.1","EPIs:","","total-earnings","24009.669","total-hours-scheduled","1803.5199999999998","total-hours-worked","1778.4939999999995","total-idle-time","17900","total-misc-task-time","26083.6","total-productivity","51462","total-rest-time","14590.6","total-revenues","193096.4","total-tardy-time","5015.2","total-sales-closed","1371.2"
"KPI-EPI-lists company 0","10","false","365","30","0.2","true","false","false","false","false","366","name","Fashion1","total-customer-visits","26725","total-customers-helped","22439","total-sales-closed","10036","total-employee-revenues","1618822","ATS-for-employee-sales","161.30151454762853","total-non-employee-revenues","47440","ATS-for-non-employee-sales","82.21837088388214","total-gross-revenues","1666262","total-labor-costs","164723.4","cogs","831228","total-profits","835033.8000000002","gross-margin","50.1","EPIs:","","total-earnings","32944.68","total-hours-scheduled","2204.8799999999997","total-hours-worked","2196.312","total-idle-time","24066.8","total-misc-task-time","48134.6","total-productivity","48452.8","total-rest-time","16905.8","total-revenues","323764.4","total-tardy-time","1231.4","total-sales-closed","2007.2"
"KPI-EPI-lists company 1","10","false","365","30","0.2","true","false","false","false","false","366","name","Fashion2","total-customer-visits","27117","total-customers-helped","14842","total-sales-closed","6723","total-employee-revenues","942999","ATS-for-employee-sales","140.26461401160196","total-non-employee-revenues","135073","ATS-for-non-employee-sales","81.81284070260448","total-gross-revenues","1078072","total-labor-costs","119997.98999999992","cogs","551227","total-profits","526845.2100000001","gross-margin","48.9","EPIs:","","total-earnings","23999.598000000005","total-hours-scheduled","1801.98","total-hours-worked","1777.7479999999996","total-idle-time","17961.4","total-misc-task-time","25312","total-productivity","51978","total-rest-time","14624.8","total-revenues","188599.8","total-tardy-time","4766.6","total-sales-closed","1344.6"
"KPI-EPI-lists company 0","11","false","365","30","0.2","true","true","false","false","false","366","name","Fashion1","total-customer-visits","26944","total-customers-helped","22896","total-sales-closed","10214","total-employee-revenues","1659119","ATS-for-employee-sales","162.43577442725672","total-non-employee-revenues","47991","ATS-for-non-employee-sales","82.31732418524871","total-gross-revenues","1707110","total-labor-costs","164927.55000000008","cogs","847772","total-profits","859338.4499999998","gross-margin","50.3","EPIs:","","total-earnings","32985.51000000001","total-hours-scheduled","2205.8399999999997","total-hours-worked","2199.0339999999997","total-idle-time","23957.6","total-misc-task-time","48545","total-productivity","48223.2","total-rest-time","17053.6","total-revenues","331823.8","total-tardy-time","1046.4","total-sales-closed","2042.8"
"KPI-EPI-lists company 1","11","false","365","30","0.2","true","true","false","false","false","366","name","Fashion2","total-customer-visits","26914","total-customers-helped","16380","total-sales-closed","7445","total-employee-revenues","1076666","ATS-for-employee-sales","144.61598388179988","total-non-employee-revenues","121395","ATS-for-non-employee-sales","82.02364864864865","total-gross-revenues","1198061","total-labor-costs","122411.92499999992","cogs","601636","total-profits","596424.675","gross-margin","49.8","EPIs:","","total-earnings","24482.385000000006","total-hours-scheduled","1834.5200000000004","total-hours-worked","1813.5099999999998","total-idle-time","18092","total-misc-task-time","28238.6","total-productivity","51485.2","total-rest-time","14570.2","total-revenues","215333.2","total-tardy-time","3652","total-sales-closed","1489"
"KPI-EPI-lists company 0","12","false","365","30","0.2","true","true","false","false","false","366","name","Fashion1","total-customer-visits","26875","total-customers-helped","22657","total-sales-closed","10216","total-employee-revenues","1662877","ATS-for-employee-sales","162.77182850430697","total-non-employee-revenues","51147","ATS-for-non-employee-sales","83.16585365853659","total-gross-revenues","1714024","total-labor-costs","163562.85000000012","cogs","849172","total-profits","864851.550000001","gross-margin","50.5","EPIs:","","total-earnings","32712.570000000007","total-hours-scheduled","2188.6000000000004","total-hours-worked","2180.8380000000006","total-idle-time","23905.6","total-misc-task-time","47591","total-productivity","48254.4","total-rest-time","16875.2","total-revenues","332575.4","total-tardy-time","1138.8","total-sales-closed","2043.2"
"KPI-EPI-lists company 1","12","false","365","30","0.2","true","true","false","false","false","366","name","Fashion2","total-customer-visits","27185","total-customers-helped","16699","total-sales-closed","7521","total-employee-revenues","1103954","ATS-for-employee-sales","146.782874617737","total-non-employee-revenues","112720","ATS-for-non-employee-sales","81.9186046511628","total-gross-revenues","1216674","total-labor-costs","121386.19500000004","cogs","608056","total-profits","608618.204999999","gross-margin","50","EPIs:","","total-earnings","24277.23900000001","total-hours-scheduled","1816.7600000000002","total-hours-worked","1798.3140000000008","total-idle-time","17501.6","total-misc-task-time","27853.4","total-productivity","51510.4","total-rest-time","14345.8","total-revenues","220790.8","total-tardy-time","3542.6","total-sales-closed","1504.2"
"KPI-EPI-lists company 0","13","false","365","30","0.2","true","true","false","false","false","366","name","Fashion1","total-customer-visits","26711","total-customers-helped","22596","total-sales-closed","10129","total-employee-revenues","1647599","ATS-for-employee-sales","162.66156580116498","total-non-employee-revenues","48786","ATS-for-non-employee-sales","82.13131313131314","total-gross-revenues","1696385","total-labor-costs","163350.90000000002","cogs","841905","total-profits","854480.0999999996","gross-margin","50.4","EPIs:","","total-earnings","32670.180000000004","total-hours-scheduled","2185.7799999999997","total-hours-worked","2178.0119999999997","total-idle-time","24135.4","total-misc-task-time","47862.6","total-productivity","47687.4","total-rest-time","16887.8","total-revenues","329519.8","total-tardy-time","1071.2","total-sales-closed","2025.8"
"KPI-EPI-lists company 1","13","false","365","30","0.2","true","true","false","false","false","366","name","Fashion2","total-customer-visits","26815","total-customers-helped","16662","total-sales-closed","7506","total-employee-revenues","1108746","ATS-for-employee-sales","147.7146282973621","total-non-employee-revenues","119353","ATS-for-non-employee-sales","81.41405184174624","total-gross-revenues","1228099","total-labor-costs","120743.32499999998","cogs","611983","total-profits","616116.0749999995","gross-margin","50.2","EPIs:","","total-earnings","24148.665000000005","total-hours-scheduled","1805.98","total-hours-worked","1788.7900000000002","total-idle-time","17458.6","total-misc-task-time","28999.4","total-productivity","50102.2","total-rest-time","14218.8","total-revenues","221749.2","total-tardy-time","2916.2","total-sales-closed","1501.2"
"KPI-EPI-lists company 0","14","false","365","30","0.2","true","true","false","false","false","366","name","Fashion1","total-customer-visits","26814","total-customers-helped","22519","total-sales-closed","10133","total-employee-revenues","1636367","ATS-for-employee-sales","161.48889766110727","total-non-employee-revenues","50297","ATS-for-non-employee-sales","81.25525040387723","total-gross-revenues","1686664","total-labor-costs","163180.8","cogs","837846","total-profits","848817.5999999997","gross-margin","50.3","EPIs:","","total-earnings","32636.160000000003","total-hours-scheduled","2183.899999999999","total-hours-worked","2175.7439999999997","total-idle-time","24228","total-misc-task-time","47127","total-productivity","48195.8","total-rest-time","16868","total-revenues","327273.4","total-tardy-time","1193.8","total-sales-closed","2026.6"
"KPI-EPI-lists company 1","14","false","365","30","0.2","true","true","false","false","false","366","name","Fashion2","total-customer-visits","27089","total-customers-helped","16173","total-sales-closed","7164","total-employee-revenues","1039741","ATS-for-employee-sales","145.13414293690676","total-non-employee-revenues","127536","ATS-for-non-employee-sales","82.86939571150097","total-gross-revenues","1167277","total-labor-costs","120748.32","cogs","587659","total-profits","579617.8799999997","gross-margin","49.7","EPIs:","","total-earnings","24149.664","total-hours-scheduled","1809.8800000000003","total-hours-worked","1788.8640000000007","total-idle-time","17398.4","total-misc-task-time","27751.2","total-productivity","51087.2","total-rest-time","14386","total-revenues","207948.2","total-tardy-time","3410.6","total-sales-closed","1432.8"
"KPI-EPI-lists company 0","15","false","365","30","0.2","true","true","false","false","false","366","name","Fashion1","total-customer-visits","26875","total-customers-helped","22938","total-sales-closed","10461","total-employee-revenues","1700697","ATS-for-employee-sales","162.57499283051334","total-non-employee-revenues","44567","ATS-for-non-employee-sales","82.68460111317255","total-gross-revenues","1745264","total-labor-costs","165443.10000000006","cogs","863549","total-profits","881715.3000000005","gross-margin","50.5","EPIs:","","total-earnings","33088.62000000001","total-hours-scheduled","2213.8799999999997","total-hours-worked","2205.9080000000004","total-idle-time","24415.8","total-misc-task-time","49050","total-productivity","47748.6","total-rest-time","17218.4","total-revenues","340139.4","total-tardy-time","1013.8","total-sales-closed","2092.2"
"KPI-EPI-lists company 1","15","false","365","30","0.2","true","true","false","false","false","366","name","Fashion2","total-customer-visits","27159","total-customers-helped","16343","total-sales-closed","7437","total-employee-revenues","1077726","ATS-for-employee-sales","144.91407825736184","total-non-employee-revenues","126685","ATS-for-non-employee-sales","82.36996098829648","total-gross-revenues","1204411","total-labor-costs","120113.00999999994","cogs","601877","total-profits","602533.5899999997","gross-margin","50","EPIs:","","total-earnings","24022.602000000006","total-hours-scheduled","1798.4399999999998","total-hours-worked","1779.4519999999998","total-idle-time","17403.8","total-misc-task-time","26912.6","total-productivity","51462.6","total-rest-time","14393.8","total-revenues","215545.2","total-tardy-time","3802.8","total-sales-closed","1487.4"
"KPI-EPI-lists company 0","16","false","365","30","0.2","true","true","false","false","false","366","name","Fashion1","total-customer-visits","27064","total-customers-helped","22613","total-sales-closed","10195","total-employee-revenues","1642412","ATS-for-employee-sales","161.09975478175576","total-non-employee-revenues","47364","ATS-for-non-employee-sales","81.9446366782007","total-gross-revenues","1689776","total-labor-costs","163931.39999999997","cogs","839842","total-profits","849934.2000000001","gross-margin","50.3","EPIs:","","total-earnings","32786.28000000001","total-hours-scheduled","2193.86","total-hours-worked","2185.7520000000004","total-idle-time","23914","total-misc-task-time","46840.4","total-productivity","49221","total-rest-time","16878.4","total-revenues","328482.4","total-tardy-time","1096.2","total-sales-closed","2039"
"KPI-EPI-lists company 1","16","false","365","30","0.2","true","true","false","false","false","366","name","Fashion2","total-customer-visits","26761","total-customers-helped","16109","total-sales-closed","7213","total-employee-revenues","1048198","ATS-for-employee-sales","145.32067101067517","total-non-employee-revenues","123712","ATS-for-non-employee-sales","82.25531914893617","total-gross-revenues","1171910","total-labor-costs","121968.4499999999","cogs","590732","total-profits","581177.5500000002","gross-margin","49.6","EPIs:","","total-earnings","24393.69000000001","total-hours-scheduled","1828.6799999999996","total-hours-worked","1806.9399999999994","total-idle-time","18038.8","total-misc-task-time","28439.4","total-productivity","50979","total-rest-time","14444.8","total-revenues","209639.6","total-tardy-time","3840","total-sales-closed","1442.6"
"KPI-EPI-lists company 0","17","false","365","30","0.2","true","true","false","false","false","366","name","Fashion1","total-customer-visits","27002","total-customers-helped","22610","total-sales-closed","10143","total-employee-revenues","1637951","ATS-for-employee-sales","161.48585231193925","total-non-employee-revenues","51177","ATS-for-non-employee-sales","83.21463414634147","total-gross-revenues","1689128","total-labor-costs","162940.20000000007","cogs","838591","total-profits","850536.5999999997","gross-margin","50.4","EPIs:","","total-earnings","32588.04","total-hours-scheduled","2179.7599999999998","total-hours-worked","2172.535999999999","total-idle-time","23798.4","total-misc-task-time","46943.8","total-productivity","48512","total-rest-time","16804.2","total-revenues","327590.2","total-tardy-time","1125.8","total-sales-closed","2028.6"
"KPI-EPI-lists company 1","17","false","365","30","0.2","true","true","false","false","false","366","name","Fashion2","total-customer-visits","27194","total-customers-helped","16291","total-sales-closed","7393","total-employee-revenues","1076951","ATS-for-employee-sales","145.67171648857027","total-non-employee-revenues","125366","ATS-for-non-employee-sales","82.31516743269862","total-gross-revenues","1202317","total-labor-costs","119855.16000000006","cogs","600782","total-profits","601535.0399999999","gross-margin","50","EPIs:","","total-earnings","23971.032","total-hours-scheduled","1795.6599999999994","total-hours-worked","1775.6319999999996","total-idle-time","17468.8","total-misc-task-time","26841.6","total-productivity","51245.4","total-rest-time","14233.2","total-revenues","215390.2","total-tardy-time","3474.6","total-sales-closed","1478.6"
"KPI-EPI-lists company 0","18","false","365","30","0.2","true","true","false","false","false","366","name","Fashion1","total-customer-visits","27053","total-customers-helped","22547","total-sales-closed","10048","total-employee-revenues","1622100","ATS-for-employee-sales","161.43511146496814","total-non-employee-revenues","51158","ATS-for-non-employee-sales","82.64620355411955","total-gross-revenues","1673258","total-labor-costs","164093.85","cogs","833397","total-profits","839860.9500000008","gross-margin","50.2","EPIs:","","total-earnings","32818.770000000004","total-hours-scheduled","2195.9799999999996","total-hours-worked","2187.9179999999997","total-idle-time","23770.8","total-misc-task-time","47517.2","total-productivity","48737.8","total-rest-time","16905.4","total-revenues","324420","total-tardy-time","1159","total-sales-closed","2009.6"
"KPI-EPI-lists company 1","18","false","365","30","0.2","true","true","false","false","false","366","name","Fashion2","total-customer-visits","26899","total-customers-helped","16516","total-sales-closed","7499","total-employee-revenues","1093010","ATS-for-employee-sales","145.75410054673958","total-non-employee-revenues","115617","ATS-for-non-employee-sales","83.11790079079799","total-gross-revenues","1208627","total-labor-costs","122062.41","cogs","605513","total-profits","603113.7899999999","gross-margin","49.9","EPIs:","","total-earnings","24412.482000000007","total-hours-scheduled","1827.28","total-hours-worked","1808.3320000000008","total-idle-time","17927.8","total-misc-task-time","28904.2","total-productivity","50801","total-rest-time","14394.6","total-revenues","218602","total-tardy-time","3585.2","total-sales-closed","1499.8"
"KPI-EPI-lists company 0","19","false","365","30","0.2","true","true","false","false","false","366","name","Fashion1","total-customer-visits","27067","total-customers-helped","23181","total-sales-closed","10403","total-employee-revenues","1693527","ATS-for-employee-sales","162.79217533403826","total-non-employee-revenues","44961","ATS-for-non-employee-sales","83.57063197026022","total-gross-revenues","1738488","total-labor-costs","164898.60000000003","cogs","860294","total-profits","878194.2000000005","gross-margin","50.5","EPIs:","","total-earnings","32979.72000000001","total-hours-scheduled","2204.7599999999998","total-hours-worked","2198.648","total-idle-time","24194.8","total-misc-task-time","48493","total-productivity","47960","total-rest-time","17276","total-revenues","338705.4","total-tardy-time","954.4","total-sales-closed","2080.6"
"KPI-EPI-lists company 1","19","false","365","30","0.2","true","true","false","false","false","366","name","Fashion2","total-customer-visits","26895","total-customers-helped","16262","total-sales-closed","7316","total-employee-revenues","1058043","ATS-for-employee-sales","144.6204209950793","total-non-employee-revenues","117505","ATS-for-non-employee-sales","81.82799442896936","total-gross-revenues","1175548","total-labor-costs","122705.27999999997","cogs","592924","total-profits","582623.5199999996","gross-margin","49.6","EPIs:","","total-earnings","24541.056000000004","total-hours-scheduled","1838.9","total-hours-worked","1817.8560000000002","total-idle-time","18072.4","total-misc-task-time","28266.6","total-productivity","51639.6","total-rest-time","14607.6","total-revenues","211608.6","total-tardy-time","3566.2","total-sales-closed","1463.2"
"KPI-EPI-lists company 0","20","false","365","30","0.2","true","true","false","false","false","366","name","Fashion1","total-customer-visits","26923","total-customers-helped","22806","total-sales-closed","10223","total-employee-revenues","1667239","ATS-for-employee-sales","163.08705859336789","total-non-employee-revenues","48343","ATS-for-non-employee-sales","82.63760683760684","total-gross-revenues","1715582","total-labor-costs","163786.05000000002","cogs","850019","total-profits","865563.1499999996","gross-margin","50.5","EPIs:","","total-earnings","32757.210000000003","total-hours-scheduled","2189.7","total-hours-worked","2183.8140000000008","total-idle-time","23880.4","total-misc-task-time","48132.8","total-productivity","47849.4","total-rest-time","16984.6","total-revenues","333447.8","total-tardy-time","1013.6","total-sales-closed","2044.6"
"KPI-EPI-lists company 1","20","false","365","30","0.2","true","true","false","false","false","366","name","Fashion2","total-customer-visits","26712","total-customers-helped","16600","total-sales-closed","7587","total-employee-revenues","1118068","ATS-for-employee-sales","147.3662844339001","total-non-employee-revenues","118195","ATS-for-non-employee-sales","82.53840782122904","total-gross-revenues","1236263","total-labor-costs","122073.75000000009","cogs","616579","total-profits","619684.0500000004","gross-margin","50.1","EPIs:","","total-earnings","24414.750000000004","total-hours-scheduled","1827.3399999999997","total-hours-worked","1808.4999999999995","total-idle-time","18078.4","total-misc-task-time","29085.4","total-productivity","50576.6","total-rest-time","14347.4","total-revenues","223613.6","total-tardy-time","3345.4","total-sales-closed","1517.4"
"KPI-EPI-lists company 0","21","false","365","30","0.2","true","true","true","false","false","366","name","Fashion1","total-customer-visits","26702","total-customers-helped","22373","total-sales-closed","10061","total-employee-revenues","1632302","ATS-for-employee-sales","162.24053275022362","total-non-employee-revenues","51194","ATS-for-non-employee-sales","82.17335473515249","total-gross-revenues","1683496","total-labor-costs","164069.84999999995","cogs","837468","total-profits","846027.7500000005","gross-margin","50.3","EPIs:","","total-earnings","32813.97","total-hours-scheduled","2195.0199999999995","total-hours-worked","2187.598","total-idle-time","24191.8","total-misc-task-time","47836.8","total-productivity","48184.2","total-rest-time","16901.4","total-revenues","326460.4","total-tardy-time","1096","total-sales-closed","2012.2"
"KPI-EPI-lists company 1","21","false","365","30","0.2","true","true","true","false","false","366","name","Fashion2","total-customer-visits","27005","total-customers-helped","20012","total-sales-closed","8955","total-employee-revenues","1356085","ATS-for-employee-sales","151.43327749860413","total-non-employee-revenues","81379","ATS-for-non-employee-sales","82.95514780835882","total-gross-revenues","1437464","total-labor-costs","147741.97499999992","cogs","722728","total-profits","714736.4249999998","gross-margin","49.7","EPIs:","","total-earnings","29548.395000000008","total-hours-scheduled","2204.3199999999997","total-hours-worked","2188.7699999999995","total-idle-time","23293.4","total-misc-task-time","40971.8","total-productivity","55025.2","total-rest-time","16755.6","total-revenues","271217","total-tardy-time","2392.6","total-sales-closed","1791"
"KPI-EPI-lists company 0","22","false","365","30","0.2","true","true","true","false","false","366","name","Fashion1","total-customer-visits","27191","total-customers-helped","22633","total-sales-closed","10358","total-employee-revenues","1673481","ATS-for-employee-sales","161.56410503958293","total-non-employee-revenues","54347","ATS-for-non-employee-sales","82.84603658536585","total-gross-revenues","1727828","total-labor-costs","164375.10000000003","cogs","855506","total-profits","872321.7000000002","gross-margin","50.5","EPIs:","","total-earnings","32875.020000000004","total-hours-scheduled","2200.4399999999996","total-hours-worked","2191.668","total-idle-time","23939.2","total-misc-task-time","47412.4","total-productivity","49044.6","total-rest-time","16833.4","total-revenues","334696.2","total-tardy-time","1177.2","total-sales-closed","2071.6"
"KPI-EPI-lists company 1","22","false","365","30","0.2","true","true","true","false","false","366","name","Fashion2","total-customer-visits","26854","total-customers-helped","19974","total-sales-closed","9006","total-employee-revenues","1366802","ATS-for-employee-sales","151.76571174772374","total-non-employee-revenues","74954","ATS-for-non-employee-sales","82.54845814977973","total-gross-revenues","1441756","total-labor-costs","147319.01999999987","cogs","724021","total-profits","717734.5800000002","gross-margin","49.8","EPIs:","","total-earnings","29463.804000000004","total-hours-scheduled","2197.9799999999996","total-hours-worked","2182.504","total-idle-time","23308","total-misc-task-time","41571.8","total-productivity","54229.8","total-rest-time","16626.6","total-revenues","273360.4","total-tardy-time","2379.2","total-sales-closed","1801.2"
"KPI-EPI-lists company 0","23","false","365","30","0.2","true","true","true","false","false","366","name","Fashion1","total-customer-visits","26857","total-customers-helped","22532","total-sales-closed","10082","total-employee-revenues","1638499","ATS-for-employee-sales","162.5172584804602","total-non-employee-revenues","50074","ATS-for-non-employee-sales","82.63036303630363","total-gross-revenues","1688573","total-labor-costs","163593.3","cogs","839023","total-profits","849550.5000000001","gross-margin","50.3","EPIs:","","total-earnings","32718.66000000001","total-hours-scheduled","2188.6799999999994","total-hours-worked","2181.2439999999997","total-idle-time","23780","total-misc-task-time","48064.2","total-productivity","47969.4","total-rest-time","16792.8","total-revenues","327699.8","total-tardy-time","1116","total-sales-closed","2016.4"
"KPI-EPI-lists company 1","23","false","365","30","0.2","true","true","true","false","false","366","name","Fashion2","total-customer-visits","27173","total-customers-helped","19564","total-sales-closed","8907","total-employee-revenues","1344633","ATS-for-employee-sales","150.96362411586392","total-non-employee-revenues","86674","ATS-for-non-employee-sales","83.42059672762271","total-gross-revenues","1431307","total-labor-costs","145572.255","cogs","718095","total-profits","713211.9449999998","gross-margin","49.8","EPIs:","","total-earnings","29114.45100000001","total-hours-scheduled","2175.8","total-hours-worked","2156.6260000000007","total-idle-time","23103.4","total-misc-task-time","38916","total-productivity","55369.8","total-rest-time","16531","total-revenues","268926.6","total-tardy-time","2805","total-sales-closed","1781.4"
"KPI-EPI-lists company 0","24","false","365","30","0.2","true","true","true","false","false","366","name","Fashion1","total-customer-visits","27109","total-customers-helped","22844","total-sales-closed","10397","total-employee-revenues","1687740","ATS-for-employee-sales","162.32951813022987","total-non-employee-revenues","48369","ATS-for-non-employee-sales","82.8236301369863","total-gross-revenues","1736109","total-labor-costs","163046.10000000003","cogs","857490","total-profits","878619.3","gross-margin","50.6","EPIs:","","total-earnings","32609.22000000001","total-hours-scheduled","2180.98","total-hours-worked","2173.9479999999994","total-idle-time","23822.8","total-misc-task-time","47636","total-productivity","47882.4","total-rest-time","16879.2","total-revenues","337548","total-tardy-time","988.6","total-sales-closed","2079.4"
"KPI-EPI-lists company 1","24","false","365","30","0.2","true","true","true","false","false","366","name","Fashion2","total-customer-visits","27266","total-customers-helped","20144","total-sales-closed","9110","total-employee-revenues","1379611","ATS-for-employee-sales","151.43918770581777","total-non-employee-revenues","87615","ATS-for-non-employee-sales","81.95977549111319","total-gross-revenues","1467226","total-labor-costs","146389.54499999984","cogs","733280","total-profits","733946.0550000002","gross-margin","50","EPIs:","","total-earnings","29277.909000000014","total-hours-scheduled","2187.12","total-hours-worked","2168.734","total-idle-time","23336.4","total-misc-task-time","39572.2","total-productivity","55262.6","total-rest-time","16659.6","total-revenues","275922.2","total-tardy-time","2559.4","total-sales-closed","1822"
"KPI-EPI-lists company 0","25","false","365","30","0.2","true","true","true","false","false","366","name","Fashion1","total-customer-visits","27049","total-customers-helped","22487","total-sales-closed","10199","total-employee-revenues","1643823","ATS-for-employee-sales","161.17491910971663","total-non-employee-revenues","56270","ATS-for-non-employee-sales","82.62848751835536","total-gross-revenues","1700093","total-labor-costs","163680.15000000002","cogs","843717","total-profits","856375.6499999992","gross-margin","50.4","EPIs:","","total-earnings","32736.030000000006","total-hours-scheduled","2189.919999999999","total-hours-worked","2182.4019999999996","total-idle-time","23670.2","total-misc-task-time","47456","total-productivity","48675.2","total-rest-time","16749.2","total-revenues","328764.6","total-tardy-time","1231.4","total-sales-closed","2039.8"
"KPI-EPI-lists company 1","25","false","365","30","0.2","true","true","true","false","false","366","name","Fashion2","total-customer-visits","26924","total-customers-helped","19767","total-sales-closed","8901","total-employee-revenues","1355165","ATS-for-employee-sales","152.24862375014044","total-non-employee-revenues","85754","ATS-for-non-employee-sales","83.09496124031008","total-gross-revenues","1440919","total-labor-costs","146209.725","cogs","722577","total-profits","718341.6749999998","gross-margin","49.9","EPIs:","","total-earnings","29241.945000000025","total-hours-scheduled","2182.260000000001","total-hours-worked","2166.070000000001","total-idle-time","23185","total-misc-task-time","40956.6","total-productivity","53976.6","total-rest-time","16525.4","total-revenues","271033","total-tardy-time","2503","total-sales-closed","1780.2"
"KPI-EPI-lists company 0","26","false","365","30","0.2","true","true","true","false","false","366","name","Fashion1","total-customer-visits","26876","total-customers-helped","22717","total-sales-closed","10202","total-employee-revenues","1653524","ATS-for-employee-sales","162.07841599686336","total-non-employee-revenues","48029","ATS-for-non-employee-sales","82.1008547008547","total-gross-revenues","1701553","total-labor-costs","164908.65000000002","cogs","845530","total-profits","856023.1500000005","gross-margin","50.3","EPIs:","","total-earnings","32981.73","total-hours-scheduled","2206.2000000000003","total-hours-worked","2198.782","total-idle-time","24079","total-misc-task-time","48312.8","total-productivity","48381.4","total-rest-time","17004.4","total-revenues","330704.8","total-tardy-time","1079","total-sales-closed","2040.4"
"KPI-EPI-lists company 1","26","false","365","30","0.2","true","true","true","false","false","366","name","Fashion2","total-customer-visits","26964","total-customers-helped","20408","total-sales-closed","9098","total-employee-revenues","1394639","ATS-for-employee-sales","153.29072323587602","total-non-employee-revenues","74921","ATS-for-non-employee-sales","82.69426048565121","total-gross-revenues","1469560","total-labor-costs","146839.36500000005","cogs","734663","total-profits","734896.6349999992","gross-margin","50","EPIs:","","total-earnings","29367.873000000014","total-hours-scheduled","2188.5200000000004","total-hours-worked","2175.3980000000006","total-idle-time","23131.4","total-misc-task-time","41235.8","total-productivity","54274.8","total-rest-time","16585.8","total-revenues","278927.8","total-tardy-time","2063.8","total-sales-closed","1819.6"
"KPI-EPI-lists company 0","27","false","365","30","0.2","true","true","true","false","false","366","name","Fashion1","total-customer-visits","27141","total-customers-helped","22730","total-sales-closed","10391","total-employee-revenues","1682811","ATS-for-employee-sales","161.94889808488114","total-non-employee-revenues","51204","ATS-for-non-employee-sales","83.12337662337663","total-gross-revenues","1734015","total-labor-costs","163456.65000000002","cogs","857063","total-profits","876952.3499999999","gross-margin","50.6","EPIs:","","total-earnings","32691.330000000005","total-hours-scheduled","2185.42","total-hours-worked","2179.4219999999996","total-idle-time","24033.8","total-misc-task-time","46922.2","total-productivity","48628","total-rest-time","16985.4","total-revenues","336562.2","total-tardy-time","1047","total-sales-closed","2078.2"
"KPI-EPI-lists company 1","27","false","365","30","0.2","true","true","true","false","false","366","name","Fashion2","total-customer-visits","27008","total-customers-helped","19803","total-sales-closed","8830","total-employee-revenues","1340097","ATS-for-employee-sales","151.76636466591165","total-non-employee-revenues","82810","ATS-for-non-employee-sales","82.81","total-gross-revenues","1422907","total-labor-costs","146198.79","cogs","715362","total-profits","707545.4099999997","gross-margin","49.7","EPIs:","","total-earnings","29239.758000000023","total-hours-scheduled","2183.3600000000006","total-hours-worked","2165.9080000000004","total-idle-time","23117.8","total-misc-task-time","40102.6","total-productivity","54854.2","total-rest-time","16522.4","total-revenues","268019.4","total-tardy-time","2633.2","total-sales-closed","1766"
"KPI-EPI-lists company 0","28","false","365","30","0.2","true","true","true","false","false","366","name","Fashion1","total-customer-visits","27106","total-customers-helped","22660","total-sales-closed","10165","total-employee-revenues","1644261","ATS-for-employee-sales","161.75710772257747","total-non-employee-revenues","51488","ATS-for-non-employee-sales","82.11802232854865","total-gross-revenues","1695749","total-labor-costs","163411.04999999993","cogs","841711","total-profits","854038.3500000011","gross-margin","50.4","EPIs:","","total-earnings","32682.210000000003","total-hours-scheduled","2187.0200000000013","total-hours-worked","2178.8140000000008","total-idle-time","23957.6","total-misc-task-time","47273.4","total-productivity","48455.8","total-rest-time","16832","total-revenues","328852.2","total-tardy-time","1193.8","total-sales-closed","2033"
"KPI-EPI-lists company 1","28","false","365","30","0.2","true","true","true","false","false","366","name","Fashion2","total-customer-visits","26962","total-customers-helped","19828","total-sales-closed","9037","total-employee-revenues","1364310","ATS-for-employee-sales","150.96934823503375","total-non-employee-revenues","85700","ATS-for-non-employee-sales","83.04263565891473","total-gross-revenues","1450010","total-labor-costs","146226.86999999997","cogs","726231","total-profits","723779.1299999998","gross-margin","49.9","EPIs:","","total-earnings","29245.374","total-hours-scheduled","2184.32","total-hours-worked","2166.324","total-idle-time","23203.2","total-misc-task-time","39454.6","total-productivity","55355.2","total-rest-time","16572.2","total-revenues","272862","total-tardy-time","2692.4","total-sales-closed","1807.4"
"KPI-EPI-lists company 0","29","false","365","30","0.2","true","true","true","false","false","366","name","Fashion1","total-customer-visits","27016","total-customers-helped","22677","total-sales-closed","10233","total-employee-revenues","1658901","ATS-for-employee-sales","162.11287012606275","total-non-employee-revenues","51185","ATS-for-non-employee-sales","83.63562091503267","total-gross-revenues","1710086","total-labor-costs","162761.4","cogs","846796","total-profits","863290.1999999997","gross-margin","50.5","EPIs:","","total-earnings","32552.28000000001","total-hours-scheduled","2177.6800000000003","total-hours-worked","2170.1520000000005","total-idle-time","23721","total-misc-task-time","47175","total-productivity","48270.4","total-rest-time","16759.8","total-revenues","331780.2","total-tardy-time","1122.8","total-sales-closed","2046.6"
"KPI-EPI-lists company 1","29","false","365","30","0.2","true","true","true","false","false","366","name","Fashion2","total-customer-visits","27144","total-customers-helped","19731","total-sales-closed","8851","total-employee-revenues","1340638","ATS-for-employee-sales","151.4674048130155","total-non-employee-revenues","88665","ATS-for-non-employee-sales","83.56738925541941","total-gross-revenues","1429303","total-labor-costs","146087.14500000005","cogs","717808","total-profits","711494.6550000007","gross-margin","49.8","EPIs:","","total-earnings","29217.42900000001","total-hours-scheduled","2177.9","total-hours-worked","2164.2539999999995","total-idle-time","23016.6","total-misc-task-time","39883","total-productivity","54931.4","total-rest-time","16559.6","total-revenues","268127.6","total-tardy-time","2570.2","total-sales-closed","1770.2"
"KPI-EPI-lists company 0","30","false","365","30","0.2","true","true","true","false","false","366","name","Fashion1","total-customer-visits","27066","total-customers-helped","22642","total-sales-closed","10077","total-employee-revenues","1632315","ATS-for-employee-sales","161.9842214944924","total-non-employee-revenues","53370","ATS-for-non-employee-sales","83.13084112149532","total-gross-revenues","1685685","total-labor-costs","163465.34999999998","cogs","837739","total-profits","847945.6499999998","gross-margin","50.3","EPIs:","","total-earnings","32693.070000000007","total-hours-scheduled","2185.7","total-hours-worked","2179.5380000000005","total-idle-time","23620.2","total-misc-task-time","47245.8","total-productivity","48730.4","total-rest-time","16812","total-revenues","326463","total-tardy-time","1024.6","total-sales-closed","2015.4"
"KPI-EPI-lists company 1","30","false","365","30","0.2","true","true","true","false","false","366","name","Fashion2","total-customer-visits","26879","total-customers-helped","19604","total-sales-closed","8763","total-employee-revenues","1323339","ATS-for-employee-sales","151.01437863745292","total-non-employee-revenues","83297","ATS-for-non-employee-sales","82.88258706467661","total-gross-revenues","1406636","total-labor-costs","146905.91999999995","cogs","709560","total-profits","697075.68","gross-margin","49.6","EPIs:","","total-earnings","29381.184000000016","total-hours-scheduled","2194.26","total-hours-worked","2176.3839999999996","total-idle-time","23467","total-misc-task-time","40977.2","total-productivity","54245.6","total-rest-time","16655.2","total-revenues","264667.8","total-tardy-time","2635.4","total-sales-closed","1752.6"
"KPI-EPI-lists company 0","31","false","365","30","0.2","true","true","true","true","false","366","name","Fashion1","total-customer-visits","26897","total-customers-helped","22573","total-sales-closed","10266","total-employee-revenues","1654782","ATS-for-employee-sales","161.1905318527177","total-non-employee-revenues","48994","ATS-for-non-employee-sales","82.76013513513513","total-gross-revenues","1703776","total-labor-costs","164241.15","cogs","845752","total-profits","858024.4500000002","gross-margin","50.4","EPIs:","","total-earnings","32848.23","total-hours-scheduled","2196.600000000001","total-hours-worked","2189.882000000001","total-idle-time","23760.8","total-misc-task-time","47804.6","total-productivity","48692.4","total-rest-time","16845.2","total-revenues","330956.4","total-tardy-time","1029.8","total-sales-closed","2053.2"
"KPI-EPI-lists company 1","31","false","365","30","0.2","true","true","true","true","false","366","name","Fashion2","total-customer-visits","26859","total-customers-helped","21174","total-sales-closed","9500","total-employee-revenues","1492157","ATS-for-employee-sales","157.06915789473683","total-non-employee-revenues","67843","ATS-for-non-employee-sales","82.83638583638583","total-gross-revenues","1560000","total-labor-costs","147274.06500000003","cogs","771274","total-profits","788725.935","gross-margin","50.6","EPIs:","","total-earnings","29454.813000000013","total-hours-scheduled","2192.1","total-hours-worked","2181.838","total-idle-time","23415.6","total-misc-task-time","45274","total-productivity","50880.8","total-rest-time","16503.6","total-revenues","298431.4","total-tardy-time","1669.4","total-sales-closed","1900"
"KPI-EPI-lists company 0","32","false","365","30","0.2","true","true","true","true","false","366","name","Fashion1","total-customer-visits","27167","total-customers-helped","23018","total-sales-closed","10374","total-employee-revenues","1693007","ATS-for-employee-sales","163.19712743396954","total-non-employee-revenues","44342","ATS-for-non-employee-sales","82.11481481481482","total-gross-revenues","1737349","total-labor-costs","165481.04999999996","cogs","860421","total-profits","876928.3500000001","gross-margin","50.5","EPIs:","","total-earnings","33096.21","total-hours-scheduled","2213.62","total-hours-worked","2206.4139999999998","total-idle-time","24156","total-misc-task-time","48339.4","total-productivity","48571.4","total-rest-time","17223","total-revenues","338601.4","total-tardy-time","1125.8","total-sales-closed","2074.8"
"KPI-EPI-lists company 1","32","false","365","30","0.2","true","true","true","true","false","366","name","Fashion2","total-customer-visits","26833","total-customers-helped","21035","total-sales-closed","9398","total-employee-revenues","1467390","ATS-for-employee-sales","156.13854011491807","total-non-employee-revenues","64403","ATS-for-non-employee-sales","82.46222791293214","total-gross-revenues","1531793","total-labor-costs","147067.515","cogs","759785","total-profits","772008.2849999998","gross-margin","50.4","EPIs:","","total-earnings","29413.503000000015","total-hours-scheduled","2189.3400000000006","total-hours-worked","2178.7780000000002","total-idle-time","23202.8","total-misc-task-time","43907.4","total-productivity","52157","total-rest-time","16469.6","total-revenues","293478","total-tardy-time","1848.6","total-sales-closed","1879.6"
"KPI-EPI-lists company 0","33","false","365","30","0.2","true","true","true","true","false","366","name","Fashion1","total-customer-visits","26904","total-customers-helped","22347","total-sales-closed","9993","total-employee-revenues","1610823","ATS-for-employee-sales","161.19513659561693","total-non-employee-revenues","52207","ATS-for-non-employee-sales","81.95761381475667","total-gross-revenues","1663030","total-labor-costs","163931.4","cogs","829143","total-profits","833886.6000000004","gross-margin","50.1","EPIs:","","total-earnings","32786.280000000006","total-hours-scheduled","2194.34","total-hours-worked","2185.7520000000004","total-idle-time","23819.2","total-misc-task-time","48074.6","total-productivity","48166.4","total-rest-time","16786.8","total-revenues","322164.6","total-tardy-time","1228.4","total-sales-closed","1998.6"
"KPI-EPI-lists company 1","33","false","365","30","0.2","true","true","true","true","false","366","name","Fashion2","total-customer-visits","26791","total-customers-helped","21015","total-sales-closed","9565","total-employee-revenues","1495294","ATS-for-employee-sales","156.32974385781495","total-non-employee-revenues","67613","ATS-for-non-employee-sales","81.95515151515151","total-gross-revenues","1562907","total-labor-costs","146715.84","cogs","771879","total-profits","791028.3600000002","gross-margin","50.6","EPIs:","","total-earnings","29343.168000000016","total-hours-scheduled","2184.3200000000006","total-hours-worked","2173.5680000000007","total-idle-time","23207","total-misc-task-time","43970","total-productivity","51749","total-rest-time","16491.8","total-revenues","299058.8","total-tardy-time","1685.6","total-sales-closed","1913"
"KPI-EPI-lists company 0","34","false","365","30","0.2","true","true","true","true","false","366","name","Fashion1","total-customer-visits","26968","total-customers-helped","22727","total-sales-closed","10138","total-employee-revenues","1651497","ATS-for-employee-sales","162.90165713158413","total-non-employee-revenues","50896","ATS-for-non-employee-sales","82.22294022617125","total-gross-revenues","1702393","total-labor-costs","163330.94999999992","cogs","844288","total-profits","858104.8500000001","gross-margin","50.4","EPIs:","","total-earnings","32666.19000000001","total-hours-scheduled","2184.7799999999997","total-hours-worked","2177.746","total-idle-time","23879","total-misc-task-time","47577","total-productivity","48102.8","total-rest-time","16912.4","total-revenues","330299.4","total-tardy-time","1000.6","total-sales-closed","2027.6"
"KPI-EPI-lists company 1","34","false","365","30","0.2","true","true","true","true","false","366","name","Fashion2","total-customer-visits","26973","total-customers-helped","21612","total-sales-closed","9737","total-employee-revenues","1535466","ATS-for-employee-sales","157.69395090890418","total-non-employee-revenues","61545","ATS-for-non-employee-sales","82.61073825503355","total-gross-revenues","1597011","total-labor-costs","148434.39","cogs","787239","total-profits","809772.2100000004","gross-margin","50.7","EPIs:","","total-earnings","29686.878000000015","total-hours-scheduled","2208.6199999999994","total-hours-worked","2199.028","total-idle-time","23796.2","total-misc-task-time","45551.2","total-productivity","51263","total-rest-time","16727.6","total-revenues","307093.2","total-tardy-time","1642.6","total-sales-closed","1947.4"
"KPI-EPI-lists company 0","35","false","365","30","0.2","true","true","true","true","false","366","name","Fashion1","total-customer-visits","27037","total-customers-helped","22535","total-sales-closed","10135","total-employee-revenues","1634519","ATS-for-employee-sales","161.2746916625555","total-non-employee-revenues","52010","ATS-for-non-employee-sales","82.9505582137161","total-gross-revenues","1686529","total-labor-costs","163593.60000000006","cogs","838205","total-profits","848323.8","gross-margin","50.3","EPIs:","","total-earnings","32718.72000000001","total-hours-scheduled","2188.6799999999994","total-hours-worked","2181.247999999999","total-idle-time","23686.6","total-misc-task-time","47392","total-productivity","48787.2","total-rest-time","16641.8","total-revenues","326903.8","total-tardy-time","1125","total-sales-closed","2027"
"KPI-EPI-lists company 1","35","false","365","30","0.2","true","true","true","true","false","366","name","Fashion2","total-customer-visits","26892","total-customers-helped","20997","total-sales-closed","9513","total-employee-revenues","1480500","ATS-for-employee-sales","155.6291390728477","total-non-employee-revenues","68040","ATS-for-non-employee-sales","81.97590361445783","total-gross-revenues","1548540","total-labor-costs","146918.07000000004","cogs","766334","total-profits","782205.9299999999","gross-margin","50.5","EPIs:","","total-earnings","29383.614000000023","total-hours-scheduled","2188.88","total-hours-worked","2176.5640000000008","total-idle-time","23000","total-misc-task-time","43484.2","total-productivity","52407.2","total-rest-time","16532.4","total-revenues","296100","total-tardy-time","1921.2","total-sales-closed","1902.6"
"KPI-EPI-lists company 0","36","false","365","30","0.2","true","true","true","true","false","366","name","Fashion1","total-customer-visits","26990","total-customers-helped","22886","total-sales-closed","10349","total-employee-revenues","1679181","ATS-for-employee-sales","162.25538699391245","total-non-employee-revenues","48123","ATS-for-non-employee-sales","81.98126064735945","total-gross-revenues","1727304","total-labor-costs","163929.30000000005","cogs","854851","total-profits","872453.0999999997","gross-margin","50.5","EPIs:","","total-earnings","32785.86000000001","total-hours-scheduled","2191.46","total-hours-worked","2185.724","total-idle-time","23923.2","total-misc-task-time","48504.6","total-productivity","47458","total-rest-time","17082.8","total-revenues","335836.2","total-tardy-time","931.8","total-sales-closed","2069.8"
"KPI-EPI-lists company 1","36","false","365","30","0.2","true","true","true","true","false","366","name","Fashion2","total-customer-visits","27030","total-customers-helped","21212","total-sales-closed","9490","total-employee-revenues","1483759","ATS-for-employee-sales","156.34973656480506","total-non-employee-revenues","67277","ATS-for-non-employee-sales","82.24572127139365","total-gross-revenues","1551036","total-labor-costs","146288.16000000006","cogs","766703","total-profits","784333.4399999996","gross-margin","50.6","EPIs:","","total-earnings","29257.63200000002","total-hours-scheduled","2178.34","total-hours-worked","2167.2320000000004","total-idle-time","23415","total-misc-task-time","43688.2","total-productivity","51704","total-rest-time","16387.8","total-revenues","296751.8","total-tardy-time","1695.2","total-sales-closed","1898"
"KPI-EPI-lists company 0","37","false","365","30","0.2","true","true","true","true","false","366","name","Fashion1","total-customer-visits","27009","total-customers-helped","22827","total-sales-closed","10338","total-employee-revenues","1682252","ATS-for-employee-sales","162.72509189398338","total-non-employee-revenues","47529","ATS-for-non-employee-sales","82.37261698440209","total-gross-revenues","1729781","total-labor-costs","163779.3","cogs","855692","total-profits","874089.3","gross-margin","50.5","EPIs:","","total-earnings","32755.860000000004","total-hours-scheduled","2190.0800000000004","total-hours-worked","2183.724","total-idle-time","23958.4","total-misc-task-time","47910.2","total-productivity","48014.8","total-rest-time","16996.2","total-revenues","336450.4","total-tardy-time","986.8","total-sales-closed","2067.6"
"KPI-EPI-lists company 1","37","false","365","30","0.2","true","true","true","true","false","366","name","Fashion2","total-customer-visits","27046","total-customers-helped","21297","total-sales-closed","9696","total-employee-revenues","1517046","ATS-for-employee-sales","156.46101485148515","total-non-employee-revenues","62532","ATS-for-non-employee-sales","82.49604221635884","total-gross-revenues","1579578","total-labor-costs","145968.34499999994","cogs","777800","total-profits","801778.4549999993","gross-margin","50.8","EPIs:","","total-earnings","29193.669","total-hours-scheduled","2174.7399999999993","total-hours-worked","2162.4939999999997","total-idle-time","23190","total-misc-task-time","43263.2","total-productivity","51972.6","total-rest-time","16364.8","total-revenues","303409.2","total-tardy-time","1863","total-sales-closed","1939.2"
"KPI-EPI-lists company 0","38","false","365","30","0.2","true","true","true","true","false","366","name","Fashion1","total-customer-visits","26507","total-customers-helped","22608","total-sales-closed","9995","total-employee-revenues","1625089","ATS-for-employee-sales","162.5901950975488","total-non-employee-revenues","44039","ATS-for-non-employee-sales","82.62476547842401","total-gross-revenues","1669128","total-labor-costs","165232.65000000002","cogs","832884","total-profits","836244.1499999994","gross-margin","50.1","EPIs:","","total-earnings","33046.530000000006","total-hours-scheduled","2209.7999999999997","total-hours-worked","2203.102","total-idle-time","24571.4","total-misc-task-time","49092.6","total-productivity","47573","total-rest-time","17080.4","total-revenues","325017.8","total-tardy-time","1054.2","total-sales-closed","1999"
"KPI-EPI-lists company 1","38","false","365","30","0.2","true","true","true","true","false","366","name","Fashion2","total-customer-visits","26789","total-customers-helped","21415","total-sales-closed","9564","total-employee-revenues","1504488","ATS-for-employee-sales","157.30740276035132","total-non-employee-revenues","62760","ATS-for-non-employee-sales","82.25425950196592","total-gross-revenues","1567248","total-labor-costs","146779.56000000003","cogs","773679","total-profits","793569.2399999991","gross-margin","50.6","EPIs:","","total-earnings","29355.91200000001","total-hours-scheduled","2185.7","total-hours-worked","2174.512","total-idle-time","23326.6","total-misc-task-time","44102.4","total-productivity","51712","total-rest-time","16473.6","total-revenues","300897.6","total-tardy-time","1695.2","total-sales-closed","1912.8"
"KPI-EPI-lists company 0","39","false","365","30","0.2","true","true","true","true","false","366","name","Fashion1","total-customer-visits","26979","total-customers-helped","22887","total-sales-closed","10423","total-employee-revenues","1700108","ATS-for-employee-sales","163.1111963925933","total-non-employee-revenues","48199","ATS-for-non-employee-sales","82.81615120274914","total-gross-revenues","1748307","total-labor-costs","163961.85","cogs","863285","total-profits","885022.3500000001","gross-margin","50.6","EPIs:","","total-earnings","32792.37000000001","total-hours-scheduled","2192.2200000000003","total-hours-worked","2186.158000000001","total-idle-time","24427.2","total-misc-task-time","48446.4","total-productivity","47321.8","total-rest-time","17033.2","total-revenues","340021.6","total-tardy-time","978","total-sales-closed","2084.6"
"KPI-EPI-lists company 1","39","false","365","30","0.2","true","true","true","true","false","366","name","Fashion2","total-customer-visits","27201","total-customers-helped","21177","total-sales-closed","9687","total-employee-revenues","1512048","ATS-for-employee-sales","156.0904304738309","total-non-employee-revenues","69855","ATS-for-non-employee-sales","81.9894366197183","total-gross-revenues","1581903","total-labor-costs","146962.62000000014","cogs","779724","total-profits","802179.1800000005","gross-margin","50.7","EPIs:","","total-earnings","29392.524000000012","total-hours-scheduled","2191.34","total-hours-worked","2177.2239999999997","total-idle-time","23112.4","total-misc-task-time","43177","total-productivity","52746.6","total-rest-time","16565.4","total-revenues","302409.6","total-tardy-time","2030.8","total-sales-closed","1937.4"
"KPI-EPI-lists company 0","40","false","365","30","0.2","true","true","true","true","false","366","name","Fashion1","total-customer-visits","26776","total-customers-helped","22790","total-sales-closed","10288","total-employee-revenues","1678034","ATS-for-employee-sales","163.10594867807154","total-non-employee-revenues","47080","ATS-for-non-employee-sales","82.74165202108964","total-gross-revenues","1725114","total-labor-costs","164827.05000000008","cogs","854873","total-profits","870241.3500000002","gross-margin","50.4","EPIs:","","total-earnings","32965.41","total-hours-scheduled","2204.0999999999995","total-hours-worked","2197.6940000000004","total-idle-time","24361.2","total-misc-task-time","49127","total-productivity","47279.4","total-rest-time","17151.4","total-revenues","335606.8","total-tardy-time","991.6","total-sales-closed","2057.6"
"KPI-EPI-lists company 1","40","false","365","30","0.2","true","true","true","true","false","366","name","Fashion2","total-customer-visits","27067","total-customers-helped","21550","total-sales-closed","9581","total-employee-revenues","1515118","ATS-for-employee-sales","158.1377726750861","total-non-employee-revenues","61927","ATS-for-non-employee-sales","82.45938748335553","total-gross-revenues","1577045","total-labor-costs","146711.92500000005","cogs","777530","total-profits","799515.0750000012","gross-margin","50.7","EPIs:","","total-earnings","29342.38500000002","total-hours-scheduled","2184.7600000000007","total-hours-worked","2173.51","total-idle-time","22968.8","total-misc-task-time","44314.2","total-productivity","51646.6","total-rest-time","16456","total-revenues","303023.6","total-tardy-time","1622.2","total-sales-closed","1916.2"
"KPI-EPI-lists company 0","41","false","365","30","0.2","true","true","true","true","true","366","name","Fashion1","total-customer-visits","26945","total-customers-helped","22556","total-sales-closed","10200","total-employee-revenues","1649936","ATS-for-employee-sales","161.758431372549","total-non-employee-revenues","48219","ATS-for-non-employee-sales","82.5667808219178","total-gross-revenues","1698155","total-labor-costs","164264.25","cogs","843526","total-profits","854628.7500000002","gross-margin","50.3","EPIs:","","total-earnings","32852.850000000006","total-hours-scheduled","2197.620000000001","total-hours-worked","2190.1900000000005","total-idle-time","23734.2","total-misc-task-time","47449.2","total-productivity","49046","total-rest-time","16797.8","total-revenues","329987.2","total-tardy-time","1167.8","total-sales-closed","2040"
"KPI-EPI-lists company 1","41","false","365","30","0.2","true","true","true","true","true","366","name","Fashion2","total-customer-visits","27085","total-customers-helped","22775","total-sales-closed","10219","total-employee-revenues","1653498","ATS-for-employee-sales","161.80624327233585","total-non-employee-revenues","49936","ATS-for-non-employee-sales","81.72831423895254","total-gross-revenues","1703434","total-labor-costs","163794.30000000005","cogs","845168","total-profits","858266.1","gross-margin","50.4","EPIs:","","total-earnings","32758.860000000008","total-hours-scheduled","2191.2799999999997","total-hours-worked","2183.9239999999995","total-idle-time","23671.6","total-misc-task-time","47436.8","total-productivity","48760.4","total-rest-time","16846.6","total-revenues","330699.6","total-tardy-time","1217.6","total-sales-closed","2043.8"
"KPI-EPI-lists company 0","42","false","365","30","0.2","true","true","true","true","true","366","name","Fashion1","total-customer-visits","26995","total-customers-helped","22687","total-sales-closed","10237","total-employee-revenues","1660621","ATS-for-employee-sales","162.21754420240305","total-non-employee-revenues","48642","ATS-for-non-employee-sales","82.58404074702887","total-gross-revenues","1709263","total-labor-costs","164318.1","cogs","848023","total-profits","861239.7","gross-margin","50.4","EPIs:","","total-earnings","32863.62","total-hours-scheduled","2196.7800000000007","total-hours-worked","2190.9080000000004","total-idle-time","23987.2","total-misc-task-time","47530.2","total-productivity","48834.8","total-rest-time","16902.4","total-revenues","332124.2","total-tardy-time","980","total-sales-closed","2047.4"
"KPI-EPI-lists company 1","42","false","365","30","0.2","true","true","true","true","true","366","name","Fashion2","total-customer-visits","27062","total-customers-helped","22441","total-sales-closed","10240","total-employee-revenues","1651264","ATS-for-employee-sales","161.25625","total-non-employee-revenues","53300","ATS-for-non-employee-sales","83.5423197492163","total-gross-revenues","1704564","total-labor-costs","164272.95000000004","cogs","846099","total-profits","858465.45","gross-margin","50.4","EPIs:","","total-earnings","32854.590000000004","total-hours-scheduled","2198.2799999999993","total-hours-worked","2190.3059999999996","total-idle-time","23854.6","total-misc-task-time","47378.8","total-productivity","48973.6","total-rest-time","16886","total-revenues","330252.8","total-tardy-time","1264","total-sales-closed","2048"
"KPI-EPI-lists company 0","43","false","365","30","0.2","true","true","true","true","true","366","name","Fashion1","total-customer-visits","26901","total-customers-helped","22599","total-sales-closed","10230","total-employee-revenues","1656991","ATS-for-employee-sales","161.97370478983382","total-non-employee-revenues","52637","ATS-for-non-employee-sales","81.8615863141524","total-gross-revenues","1709628","total-labor-costs","164312.7000000001","cogs","848164","total-profits","861464.1000000002","gross-margin","50.4","EPIs:","","total-earnings","32862.54","total-hours-scheduled","2198.1","total-hours-worked","2190.8360000000007","total-idle-time","24067.8","total-misc-task-time","48308.8","total-productivity","47982.2","total-rest-time","16959.8","total-revenues","331398.2","total-tardy-time","1016.6","total-sales-closed","2046"
"KPI-EPI-lists company 1","43","false","365","30","0.2","true","true","true","true","true","366","name","Fashion2","total-customer-visits","26846","total-customers-helped","22518","total-sales-closed","10060","total-employee-revenues","1625638","ATS-for-employee-sales","161.59423459244533","total-non-employee-revenues","50025","ATS-for-non-employee-sales","83.93456375838926","total-gross-revenues","1675663","total-labor-costs","164895.29999999993","cogs","835161","total-profits","840502.4999999999","gross-margin","50.2","EPIs:","","total-earnings","32979.060000000005","total-hours-scheduled","2205.4","total-hours-worked","2198.604","total-idle-time","24298.6","total-misc-task-time","47948","total-productivity","48631","total-rest-time","16951.8","total-revenues","325127.6","total-tardy-time","1138.4","total-sales-closed","2012"
"KPI-EPI-lists company 0","44","false","365","30","0.2","true","true","true","true","true","366","name","Fashion1","total-customer-visits","27172","total-customers-helped","22907","total-sales-closed","10356","total-employee-revenues","1679938","ATS-for-employee-sales","162.21881035148706","total-non-employee-revenues","49253","ATS-for-non-employee-sales","81.4099173553719","total-gross-revenues","1729191","total-labor-costs","163940.25","cogs","855617","total-profits","873574.3499999999","gross-margin","50.5","EPIs:","","total-earnings","32788.05","total-hours-scheduled","2193.5600000000004","total-hours-worked","2185.870000000001","total-idle-time","23904","total-misc-task-time","47530.8","total-productivity","48457.8","total-rest-time","17010.6","total-revenues","335987.6","total-tardy-time","1090","total-sales-closed","2071.2"
"KPI-EPI-lists company 1","44","false","365","30","0.2","true","true","true","true","true","366","name","Fashion2","total-customer-visits","26739","total-customers-helped","22459","total-sales-closed","10062","total-employee-revenues","1632047","ATS-for-employee-sales","162.19906579208904","total-non-employee-revenues","48043","ATS-for-non-employee-sales","82.83275862068966","total-gross-revenues","1680090","total-labor-costs","164346.00000000006","cogs","836382","total-profits","843708","gross-margin","50.2","EPIs:","","total-earnings","32869.20000000001","total-hours-scheduled","2198.66","total-hours-worked","2191.2799999999997","total-idle-time","24189","total-misc-task-time","48426","total-productivity","47731.8","total-rest-time","17042.2","total-revenues","326409.4","total-tardy-time","1056","total-sales-closed","2012.4"
"KPI-EPI-lists company 0","45","false","365","30","0.2","true","true","true","true","true","366","name","Fashion1","total-customer-visits","26791","total-customers-helped","22660","total-sales-closed","10174","total-employee-revenues","1655969","ATS-for-employee-sales","162.76479260861018","total-non-employee-revenues","48147","ATS-for-non-employee-sales","82.72680412371135","total-gross-revenues","1704116","total-labor-costs","165661.80000000002","cogs","847308","total-profits","856807.799999999","gross-margin","50.3","EPIs:","","total-earnings","33132.36000000001","total-hours-scheduled","2216.0999999999995","total-hours-worked","2208.8239999999996","total-idle-time","24346","total-misc-task-time","49370.8","total-productivity","47646.8","total-rest-time","17196.2","total-revenues","331193.8","total-tardy-time","1077.8","total-sales-closed","2034.8"
"KPI-EPI-lists company 1","45","false","365","30","0.2","true","true","true","true","true","366","name","Fashion2","total-customer-visits","26708","total-customers-helped","22537","total-sales-closed","10128","total-employee-revenues","1638795","ATS-for-employee-sales","161.8083530805687","total-non-employee-revenues","45387","ATS-for-non-employee-sales","82.82299270072993","total-gross-revenues","1684182","total-labor-costs","166014.59999999995","cogs","839687","total-profits","844494.6000000001","gross-margin","50.1","EPIs:","","total-earnings","33202.92","total-hours-scheduled","2221.7399999999993","total-hours-worked","2213.528","total-idle-time","24474.2","total-misc-task-time","49076.2","total-productivity","48057","total-rest-time","17235.6","total-revenues","327759","total-tardy-time","1193.8","total-sales-closed","2025.6"
"KPI-EPI-lists company 0","46","false","365","30","0.2","true","true","true","true","true","366","name","Fashion1","total-customer-visits","27032","total-customers-helped","22438","total-sales-closed","10114","total-employee-revenues","1620010","ATS-for-employee-sales","160.17500494364248","total-non-employee-revenues","50859","ATS-for-non-employee-sales","82.56331168831169","total-gross-revenues","1670869","total-labor-costs","164818.2","cogs","833166","total-profits","837703.1999999995","gross-margin","50.1","EPIs:","","total-earnings","32963.64000000001","total-hours-scheduled","2205.8200000000006","total-hours-worked","2197.5760000000005","total-idle-time","23622.8","total-misc-task-time","47069","total-productivity","49811.4","total-rest-time","16827.8","total-revenues","324002","total-tardy-time","1255","total-sales-closed","2022.8"
"KPI-EPI-lists company 1","46","false","365","30","0.2","true","true","true","true","true","366","name","Fashion2","total-customer-visits","27082","total-customers-helped","22449","total-sales-closed","10124","total-employee-revenues","1632630","ATS-for-employee-sales","161.26333465033585","total-non-employee-revenues","54608","ATS-for-non-employee-sales","82.73939393939393","total-gross-revenues","1687238","total-labor-costs","163254.30000000002","cogs","838150","total-profits","849088.4999999995","gross-margin","50.3","EPIs:","","total-earnings","32650.860000000008","total-hours-scheduled","2184.9199999999996","total-hours-worked","2176.7239999999997","total-idle-time","23517","total-misc-task-time","46651.8","total-productivity","49139.4","total-rest-time","16832.4","total-revenues","326526","total-tardy-time","1312","total-sales-closed","2024.8"
"KPI-EPI-lists company 0","47","false","365","30","0.2","true","true","true","true","true","366","name","Fashion1","total-customer-visits","27028","total-customers-helped","22613","total-sales-closed","10187","total-employee-revenues","1643837","ATS-for-employee-sales","161.3661529400216","total-non-employee-revenues","52797","ATS-for-non-employee-sales","82.4953125","total-gross-revenues","1696634","total-labor-costs","164082.15","cogs","842736","total-profits","853898.25","gross-margin","50.3","EPIs:","","total-earnings","32816.43000000001","total-hours-scheduled","2196.239999999999","total-hours-worked","2187.7619999999997","total-idle-time","23790.6","total-misc-task-time","47870.8","total-productivity","48471.6","total-rest-time","16822","total-revenues","328767.4","total-tardy-time","1114","total-sales-closed","2037.4"
"KPI-EPI-lists company 1","47","false","365","30","0.2","true","true","true","true","true","366","name","Fashion2","total-customer-visits","27300","total-customers-helped","23147","total-sales-closed","10363","total-employee-revenues","1691282","ATS-for-employee-sales","163.20389848499468","total-non-employee-revenues","47106","ATS-for-non-employee-sales","82.06620209059234","total-gross-revenues","1738388","total-labor-costs","165440.99999999994","cogs","860796","total-profits","877591.8000000002","gross-margin","50.5","EPIs:","","total-earnings","33088.200000000004","total-hours-scheduled","2212.999999999999","total-hours-worked","2205.8799999999997","total-idle-time","24130.6","total-misc-task-time","48316","total-productivity","48752.2","total-rest-time","17097.2","total-revenues","338256.4","total-tardy-time","1070.4","total-sales-closed","2072.6"
"KPI-EPI-lists company 0","48","false","365","30","0.2","true","true","true","true","true","366","name","Fashion1","total-customer-visits","26898","total-customers-helped","22519","total-sales-closed","10115","total-employee-revenues","1631960","ATS-for-employee-sales","161.3405832921404","total-non-employee-revenues","54684","ATS-for-non-employee-sales","83.23287671232876","total-gross-revenues","1686644","total-labor-costs","163759.50000000003","cogs","838417","total-profits","848226.9000000004","gross-margin","50.3","EPIs:","","total-earnings","32751.900000000005","total-hours-scheduled","2190.7200000000003","total-hours-worked","2183.46","total-idle-time","23828.8","total-misc-task-time","47263.6","total-productivity","48797.2","total-rest-time","16837","total-revenues","326392","total-tardy-time","1114.8","total-sales-closed","2023"
"KPI-EPI-lists company 1","48","false","365","30","0.2","true","true","true","true","true","366","name","Fashion2","total-customer-visits","26699","total-customers-helped","22334","total-sales-closed","10022","total-employee-revenues","1624774","ATS-for-employee-sales","162.12073438435442","total-non-employee-revenues","52370","ATS-for-non-employee-sales","83.25914149443561","total-gross-revenues","1677144","total-labor-costs","163767.3000000001","cogs","834625","total-profits","842519.1000000001","gross-margin","50.2","EPIs:","","total-earnings","32753.46000000001","total-hours-scheduled","2189.8399999999992","total-hours-worked","2183.5639999999994","total-idle-time","23947.2","total-misc-task-time","47742.6","total-productivity","48190.6","total-rest-time","16878.6","total-revenues","324954.8","total-tardy-time","1036.4","total-sales-closed","2004.4"
"KPI-EPI-lists company 0","49","false","365","30","0.2","true","true","true","true","true","366","name","Fashion1","total-customer-visits","27053","total-customers-helped","22943","total-sales-closed","10337","total-employee-revenues","1683248","ATS-for-employee-sales","162.8371868046822","total-non-employee-revenues","47158","ATS-for-non-employee-sales","83.31802120141343","total-gross-revenues","1730406","total-labor-costs","163775.54999999996","cogs","855938","total-profits","874468.0499999999","gross-margin","50.5","EPIs:","","total-earnings","32755.110000000004","total-hours-scheduled","2190.58","total-hours-worked","2183.674","total-idle-time","24274","total-misc-task-time","47616.6","total-productivity","48098","total-rest-time","17008.8","total-revenues","336649.6","total-tardy-time","968.2","total-sales-closed","2067.4"
"KPI-EPI-lists company 1","49","false","365","30","0.2","true","true","true","true","true","366","name","Fashion2","total-customer-visits","26750","total-customers-helped","22692","total-sales-closed","10205","total-employee-revenues","1648276","ATS-for-employee-sales","161.51651151396374","total-non-employee-revenues","45146","ATS-for-non-employee-sales","81.49097472924188","total-gross-revenues","1693422","total-labor-costs","163801.05000000002","cogs","841170","total-profits","852252.15","gross-margin","50.3","EPIs:","","total-earnings","32760.21000000001","total-hours-scheduled","2191.78","total-hours-worked","2184.0140000000006","total-idle-time","23979.6","total-misc-task-time","47719.2","total-productivity","48229.2","total-rest-time","16915.6","total-revenues","329655.2","total-tardy-time","1013","total-sales-closed","2041"
"KPI-EPI-lists company 0","50","false","365","30","0.2","true","true","true","true","true","366","name","Fashion1","total-customer-visits","26909","total-customers-helped","22558","total-sales-closed","10129","total-employee-revenues","1644098","ATS-for-employee-sales","162.3159245730082","total-non-employee-revenues","50901","ATS-for-non-employee-sales","81.4416","total-gross-revenues","1694999","total-labor-costs","163003.04999999993","cogs","841003","total-profits","853996.3499999995","gross-margin","50.4","EPIs:","","total-earnings","32600.610000000008","total-hours-scheduled","2182.3600000000006","total-hours-worked","2173.3740000000007","total-idle-time","23822.2","total-misc-task-time","47728.8","total-productivity","47772","total-rest-time","16827.4","total-revenues","328819.6","total-tardy-time","1098","total-sales-closed","2025.8"
"KPI-EPI-lists company 1","50","false","365","30","0.2","true","true","true","true","true","366","name","Fashion2","total-customer-visits","26657","total-customers-helped","22642","total-sales-closed","10209","total-employee-revenues","1662299","ATS-for-employee-sales","162.826819473014","total-non-employee-revenues","46391","ATS-for-non-employee-sales","81.96289752650176","total-gross-revenues","1708690","total-labor-costs","165858.44999999998","cogs","849334","total-profits","859355.55","gross-margin","50.3","EPIs:","","total-earnings","33171.69000000001","total-hours-scheduled","2218.22","total-hours-worked","2211.4459999999995","total-idle-time","24277.2","total-misc-task-time","49816.2","total-productivity","47357.4","total-rest-time","17223.2","total-revenues","332459.8","total-tardy-time","1051.2","total-sales-closed","2041.8"
